 ,B,E3,E3_0,E5,E5[MS],H,H_4,H_5,H_6,I,I_1,M,S,S[BI],S[HI],S[HM],S[IM],S_1,S_2,S_3
RF02913#URS0000D66AA1_12908/1-115#subopt0,2.32193,      1,      1,      1,      1,      2,1.58496,      1,      0,      2,1.58496,      1,3.58496,      2,1.58496,      1,      1,1.58496,1.58496,2.58496
RF02913#HF991811.1/50598-50499#subopt0,      0,      1,      1,      1,      1,2.58496,      1,1.58496,1.58496,      2,      2,      1,3.32193,      0,1.58496,      2,1.58496,1.58496,      2,      1
RF02914#URS0000D68A3E_12908/1-36#subopt0,      0,      1,      1,      1,      1,1.58496,      0,      0,      0,      0,      0,      1,1.58496,      0,      0,      0,      0,      1,      0,      1
RF02914#URS0000D676FA_12908/1-35#subopt0,      0,      1,      1,      1,      1,1.58496,      0,      0,1.58496,      1,      1,      1,      2,      0,      1,      0,      0,      1,      1,      1
