 ,snm_1,snm_2,snm_3,snm_4
RF02913#URS0000D66AA1_12908/1-115#subopt0,  -0.64609,  0.755365,-0.0604753,-0.0912962
RF02913#HF991811.1/50598-50499#subopt0,-0.62748,-0.45575,0.553918,0.302879
RF02914#URS0000D68A3E_12908/1-36#subopt0,-0.239303,-0.194103, -0.75048,  0.58467
RF02914#URS0000D676FA_12908/1-35#subopt0,-0.362729,-0.428999,-0.355385,-0.747054
