 ,snm_1,snm_2
RF02913#URS0000D66AA1_12908/1-115#subopt0,-7.20446,   2.354
RF02913#HF991811.1/50598-50499#subopt0,-6.99695,-1.42029
RF02914#URS0000D68A3E_12908/1-36#subopt0, -2.66843,-0.604896
RF02914#URS0000D676FA_12908/1-35#subopt0,-4.04474,-1.33692
