 ,snm_1 ,snm_2 ,snm_3 ,snm_4
 ,11.1509,3.11637,2.64074,1.33605
