 ,snm_1 ,snm_2 ,snm_3 ,snm_4 ,snm_5 ,snm_6 ,snm_7 ,snm_8 ,snm_9 ,snm_10 ,snm_11 ,snm_12 ,snm_13 ,snm_14 ,snm_15 ,snm_16 ,snm_17 ,snm_18 ,snm_19 ,snm_20 ,snm_21 ,snm_22 ,snm_23 ,snm_24 ,snm_25 ,snm_26 ,snm_27 ,snm_28 ,snm_29 ,snm_30 ,snm_31 ,snm_32 ,snm_33 ,snm_34 ,snm_35 ,snm_36 ,snm_37 ,snm_38 ,snm_39 ,snm_40 ,snm_41 ,snm_42 ,snm_43 ,snm_44 ,snm_45 ,snm_46 ,snm_47 ,snm_48 ,snm_49 ,snm_50 ,snm_51 ,snm_52 ,snm_53 ,snm_54 ,snm_55 ,snm_56 ,snm_57 ,snm_58 ,snm_59 ,snm_60 ,snm_61 ,snm_62 ,snm_63 ,snm_64 ,snm_65 ,snm_66 ,snm_67 ,snm_68 ,snm_69 ,snm_70 ,snm_71 ,snm_72 ,snm_73 ,snm_74 ,snm_75 ,snm_76 ,snm_77 ,snm_78 ,snm_79 ,snm_80 ,snm_81
 ,    51.2296,    20.1836,    18.5388,    13.9745,    9.62147,    8.73002,     8.4909,    7.47188,    6.78399,    6.03446,    5.59277,    5.40376,    5.00846,     4.6864,    4.39182,    4.13269,    3.86398,    3.75128,    3.50352,     3.1006,    3.03072,    2.96978,    2.74736,    2.67214,    2.44152,    2.32912,    2.17918,    2.09507,    1.94696,    1.80563,    1.74403,    1.64034,    1.53337,    1.51878,    1.46398,    1.34796,    1.21329,    1.14508,    1.07051,     1.0334,   0.969119,   0.952386,   0.856605,   0.722078,   0.662835,   0.601164,   0.525476,   0.485406,   0.433766,   0.416572,   0.361227,   0.298708,   0.253097,   0.207683,   0.200271,   0.187874,   0.129172,  0.0992326,  0.0801298,  0.0522388,  0.0186547, 0.00064422,3.93981e-07,1.74187e-07,1.42552e-07,1.30233e-07,1.11145e-07,9.08677e-08,7.61976e-08,6.59156e-08,4.52504e-08,4.07738e-08,3.62684e-08,1.45402e-08,1.13286e-08,4.90943e-09,3.53975e-14,1.89898e-14,8.55655e-15,6.19638e-15,6.72675e-16
