 ,snm_1 ,snm_2 ,snm_3 ,snm_4 ,snm_5 ,snm_6 ,snm_7 ,snm_8 ,snm_9 ,snm_10 ,snm_11 ,snm_12 ,snm_13 ,snm_14 ,snm_15 ,snm_16 ,snm_17 ,snm_18 ,snm_19 ,snm_20
 ,    23.4355,    8.68792,    7.44064,    6.81407,    4.66457,    3.36015,    3.12118,    2.45167,    2.18096,     2.0565,    1.82709,    1.58609,    1.27433,    1.11519,   0.703388,   0.442554,1.96432e-07,1.91004e-07,1.51171e-07,6.54284e-08
