 ,snm_1 ,snm_2 ,snm_3 ,snm_4 ,snm_5 ,snm_6 ,snm_7 ,snm_8 ,snm_9
 ,51.2296,20.1836,18.5388,13.9745,9.62147,8.73002, 8.4909,7.47188,6.78399
