 ,snm_1 ,snm_2 ,snm_3 ,snm_4 ,snm_5 ,snm_6 ,snm_7 ,snm_8 ,snm_9 ,snm_10 ,snm_11 ,snm_12 ,snm_13 ,snm_14 ,snm_15 ,snm_16 ,snm_17 ,snm_18 ,snm_19 ,snm_20 ,snm_21 ,snm_22 ,snm_23 ,snm_24 ,snm_25 ,snm_26 ,snm_27 ,snm_28 ,snm_29 ,snm_30 ,snm_31 ,snm_32 ,snm_33 ,snm_34 ,snm_35 ,snm_36 ,snm_37 ,snm_38 ,snm_39 ,snm_40 ,snm_41 ,snm_42 ,snm_43 ,snm_44 ,snm_45 ,snm_46 ,snm_47 ,snm_48 ,snm_49 ,snm_50 ,snm_51 ,snm_52 ,snm_53 ,snm_54 ,snm_55 ,snm_56 ,snm_57 ,snm_58 ,snm_59 ,snm_60 ,snm_61 ,snm_62 ,snm_63 ,snm_64 ,snm_65 ,snm_66 ,snm_67 ,snm_68 ,snm_69 ,snm_70 ,snm_71 ,snm_72 ,snm_73 ,snm_74 ,snm_75 ,snm_76 ,snm_77 ,snm_78 ,snm_79 ,snm_80 ,snm_81 ,snm_82 ,snm_83 ,snm_84 ,snm_85 ,snm_86 ,snm_87 ,snm_88 ,snm_89 ,snm_90 ,snm_91 ,snm_92 ,snm_93 ,snm_94 ,snm_95 ,snm_96 ,snm_97 ,snm_98 ,snm_99 ,snm_100 ,snm_101 ,snm_102 ,snm_103 ,snm_104 ,snm_105 ,snm_106 ,snm_107 ,snm_108 ,snm_109 ,snm_110 ,snm_111 ,snm_112 ,snm_113 ,snm_114 ,snm_115 ,snm_116 ,snm_117 ,snm_118
 ,    121.812,    46.7831,    43.2703,    31.3231,    26.1826,    19.7256,     17.024,    15.9519,    14.3789,     13.914,     13.526,    12.8246,    11.9707,    11.1965,    11.0773,    10.5321,    10.2142,    9.56149,    9.36777,    8.98031,    8.81978,    8.48889,    8.36165,    7.98702,    7.79926,    7.46075,    7.15237,    6.68456,    6.59473,    6.32783,    6.25677,    5.95013,    5.81988,    5.60385,    5.46567,    5.27902,    5.25467,    5.20013,    4.94756,    4.65639,    4.60541,    4.56818,    4.22597,    4.17999,    4.07108,     3.9673,    3.93889,    3.88553,     3.7902,    3.63107,    3.50649,    3.36476,    3.30118,    3.18453,    3.16195,    2.94289,    2.88424,    2.82402,    2.75069,    2.65497,     2.6003,    2.54875,    2.44953,    2.44588,    2.36587,    2.31066,    2.28874,    2.18768,    2.08646,    2.05302,     2.0235,    1.91599,    1.89201,    1.86004,    1.78304,    1.77941,     1.7367,    1.67805,    1.60598,    1.53919,    1.51793,    1.46759,    1.43643,    1.35248,    1.31476,    1.29422,    1.24069,    1.18926,    1.16902,    1.13307,    1.08086,    1.04566,     1.0127,   0.974665,   0.947773,   0.874842,    0.86856,   0.797382,   0.718527,   0.635604,   0.624333,    0.58842,   0.484649,   0.438752,   0.337728,   0.302048, 3.3822e-06,3.08949e-07,2.74631e-07,1.04543e-07,9.23347e-08,7.80592e-08,7.06126e-08,6.26468e-08,3.38433e-08, 6.7723e-14,  2.061e-14,2.84273e-15
