 ,snm_1 ,snm_2 ,snm_3 ,snm_4 ,snm_5 ,snm_6 ,snm_7 ,snm_8 ,snm_9 ,snm_10 ,snm_11 ,snm_12 ,snm_13 ,snm_14 ,snm_15 ,snm_16 ,snm_17 ,snm_18 ,snm_19 ,snm_20
 ,    23.2565,    8.70899,    7.62511,    6.43954,    4.53261,    3.46951,    3.04433,     2.7156,    2.44961,    1.99924,    1.69485,    1.38248,    1.32304,   0.826356,2.59329e-07,2.13511e-07,1.43631e-07,1.31093e-07,2.71672e-14,1.69841e-14
